experiment,matchType,pid,srgiResponse
chat,low,62cbf0a272c4c044c572343c,5.125
chat,high,5d2eac390aca250001e9c3e1,3.625
chat,random,62dc587c7c0dd665ce6c299c,3.75
chat,low,6113090824b9ce3d9ef3d553,3.75
chat,random,5d76d2f7daf4bf00164d585b,1.875
chat,low,5c319a0502cc4a0001a012d8,4.875
chat,low,61083d0cd5238a0405e40d81,4.25
chat,random,57309f6b30a556000fecdd47,5.25
chat,low,5de7d7a6603b1b73f3944f8e,5.125
chat,random,5a66283813898300014b5e29,6.0
chat,random,5dfdc45e617219a8e2e05c26,4.875
chat,high,5cdad620eae6f70019d4e950,5.875
chat,high,5cab4ce7fc216d0016162830,5.25
chat,low,5dc1eb838a84461511b3cd73,3.375
chat,random,5d865f0832bd810017fb64e4,4.5
chat,low,5bbc18010cb04c00015025ce,5.5
chat,high,5bf6fc936c445d0001aeba98,5.375
chat,high,655f8b959477c803eb906622,5.125
chat,random,607778a26ff3de83125f50c5,4.125
chat,high,5aeab6e39e185a0001b9e272,4.375
chat,high,63daed36814c21c85fd0e937,5.75
chat,high,5fb9de27e62120924c5b2176,3.375
chat,low,5ed6da7e2eae9413f9a96db9,3.375
chat,high,63d14a284cfd0c9986e7dfc2,5.125
chat,high,5c80c02f8740a300165833bc,4.375
chat,random,6151e479b4ee16668948c7f2,4.25
chat,low,58adfc6e7cf56d0001f931a2,3.875
chat,high,65a14806a21074b48b91ab0b,5.0
chat,high,60e10ed73b3d207be7f805e3,5.625
chat,low,63f3ed3911c9f6d12570897e,5.625
chat,low,63d572f61366709dbcc745a9,4.375
chat,high,60e8642773ace778a72affb2,5.5
chat,low,6547cd2ceba4e6b1fffffe56,4.125
chat,high,5d384f7d3e880c00016d9080,6.5
chat,high,561bbdf9811d22000df3138a,5.75
chat,high,65a14753f34c5e9ccce66538,1.75
chat,random,6480d2e60bb76dc7968705dd,4.75
chat,low,63069f585b35a5ec752fcd30,5.5
chat,high,5f406d28899a9b1a9ddd609a,4.875
chat,random,5d49a0b751695e0001a188a8,1.75
chat,low,5f489766dbc4a2364c0f4f93,2.5
chat,low,56b61b915cd743000e6e01c5,2.5
chat,random,60b69129f584ee4e38acf2a0,1.75
chat,low,65a54cf6f170aa984b7014fe,5.0
chat,high,631bfb8f27645e704e21c1cd,6.0
chat,low,5fc2a0d812bc59000b746ee5,3.875
chat,low,5efe29d315ba872fa20a9c3d,3.125
chat,random,5c5f525806006e0001db95d2,2.625
chat,low,560ce65601c38a0012769e20,4.125
chat,random,659b47ca7fa14c73800c971f,5.0
chat,low,60749006a2c37cf53763a864,3.0
chat,high,6276d97e209059496d37bf74,4.375
chat,high,6559bfda36a47498fdab85bb,5.125
chat,random,6473ddd093826f8af4192abb,4.375
chat,low,6560d73f80824412a8a74260,5.875
chat,low,60fe58dabcac84f95b003aa0,2.625
chat,low,55d4d11258c35800113dc2ab,1.75
chat,low,6537e43c008bb605430a302f,2.25
chat,low,60c739d1b402ae0d42b37c66,3.5
chat,random,5d8a29c082fec30001d9c24a,1.75
chat,low,57d0a0bee3221e00015fe385,1.0
chat,high,62839ba4a4ace124f3a3889c,6.25
chat,random,5ba6d507cf54e40001c45aaf,4.5
chat,high,5f73f37ed13ce303cc14ae35,3.5
chat,random,5ecf0bbe8bfd24313fec46f9,3.0
chat,random,6153b5513ccada2d35fae508,3.5
chat,high,653581ba721c66a086862a3a,3.375
chat,high,65a310e27edb947ce09c873e,4.0
chat,high,6510589f98d5a328674c2d41,5.0
chat,high,5fe3b66ad42dc508212bb4bd,5.375
chat,low,5e5220711b676824eb24c172,3.875
chat,high,65761328646d5bb2adf235d4,5.125
chat,high,611bef112e9841a0a0f5a8d4,5.125
chat,low,62aa4aba6960dfb1b61f7583,5.25
chat,high,601613d475762b7652816ca7,2.0
chat,high,608241637be5af31f16b6a9e,4.125
chat,high,655ace2405bf46b182b8c8d4,6.5
chat,low,5a0908427542890001aa6a0d,3.625
chat,high,63f77ab51428a164ec2edbab,5.875
chat,random,6107c3c34aec7850786b6d62,4.75
chat,low,610847fd403ae0217934a3a1,4.5
chat,high,633f63a85f73534dbcfa5ae5,4.125
chat,low,5e2be6efe179572183644844,3.875
chat,high,5c284e0970d93a0001211e16,4.5
chat,low,5ba9a99738803d00012729de,4.375
chat,low,5e9389d87d6dc1078fe0ebee,3.875
chat,low,5e8b32ec2c33ae7f20a0b401,4.25
chat,random,640e2d45fd23f3fafe92d6d4,3.25
chat,random,5fe2ca269568d5e8f57933aa,4.625
chat,random,65133aee2f4db274e13c9185,4.0
chat,low,610cd5f2b38b2d1bffe55477,4.5
chat,high,5c1edaeaafeeef00011588b3,5.625
chat,low,60d3aa9722bb0097de874bc6,3.75
chat,low,63d7cc4af906d9f7158dfc7c,4.0
chat,low,64e36d981d00e7d7c45addc2,2.125
chat,high,5c6d5477e8833000015244ad,3.5
chat,low,594425f07ccfd00001d3f462,2.75
chat,low,5fee0c90eb52700cd9752702,4.75
chat,random,5fc1b59370c9de1ad16360cf,4.875
chat,low,5a9353586219a30001d2f2af,5.5
chat,low,61084626e3d000c4f4fad8d4,4.75
chat,high,65a1b041c4bdba3a0500c6c2,5.125
chat,random,6504633485468cf602abc99f,5.375
chat,high,655906fe15e533cb7b6c3ed8,4.0
chat,low,6286b299b72d9737157f9a66,3.0
chat,low,63e5fca99d84c2b8004e82df,3.5
chat,low,6307bee7b345c1bf0fb2f362,3.625
chat,high,6503bd6097b5fd18559e6a0d,4.75
chat,high,62f0477d75b93e5cb2fdb8ac,2.875
chat,random,64136bf30b27746cb96f7db8,5.5
chat,high,5f0f94efd5e07b000c319c92,4.5
chat,random,63eae344b9cb08c33eac6a14,4.5
chat,random,6455616c0fe23ecca70ce1b9,4.875
chat,random,605220735560745cf0a16a80,2.25
chat,low,656f042cc31f84842ad587e4,5.75
chat,high,631fc3e54c3c0515402fdd17,5.75
chat,low,63d423b81f5e313b9958723c,5.75
chat,random,60fdef9361f7fc4fb2815d20,3.75
chat,random,5e06ecd524f9390991997bb7,4.375
chat,high,6521ab1c4a2ffd6c21a3b662,5.5
chat,random,62e2deadd18974300540f870,4.875
chat,low,56f2a49ced0cf600069131cd,6.0
chat,high,60e769ec9858960e8ad00886,1.0
chat,high,655f8f04860e2c0fe8291155,5.5
chat,high,656330bce859fe9d4d59f7cd,5.625
chat,low,63d7ff8dba0dc23728426ecd,2.0
chat,random,5ed543442db0060a955d12e1,6.125
chat,low,5fd8ca40697e370870a312e8,4.25
chat,random,5d74001d391b6600175f433b,4.5
chat,high,63052eec3dbd8fe43570ff33,5.75
chat,random,5d4a41890e604c00011ade8b,2.875
chat,random,655b67f729177b2ec81552b3,5.875
chat,random,646fea6f93d07b0354140441,5.375
chat,low,62bb42e2f21cfdb280cc975f,5.75
chat,low,6314bc49055e150c92f4736e,4.375
chat,high,5de87c376522177f4f41cbd2,3.5
chat,high,614ee5e28a2f0a07d4d639dd,3.5
chat,high,5e8fe87009881f2ee83521fb,4.375
chat,high,630051de1dfc7f3ba6bb40cc,3.375
chat,random,656e8efb6e6610ae2d831f07,3.125
chat,high,607e3f2b4e935b3bd8c828b8,5.375
chat,high,654196bd73e7913dcc793fae,6.0
chat,random,64010f32f8dee9772983c7cd,4.375
chat,low,5f47f2a14aac571403cbb192,5.0
chat,random,6328817c90a7f703ded34c91,3.5
chat,high,6500bd3163ecc6bee8f02489,2.375
chat,random,6506462fb5631ff9b1772a4e,5.125
chat,random,5765c0fcf2e23200017ded5e,4.75
chat,high,6575c518dc00323903d27138,4.375
chat,high,658ab0b9e0bfd46e24786acb,5.875
chat,random,5d9cd36bed4008001284dcba,5.25
chat,random,657b13119af722654ad05679,3.625
chat,random,64f1f404809fb79511978ea5,4.25
chat,low,60ec54c58f88686dadb1a0c9,4.125
chat,random,63d2eec88a81e2462be70762,1.375
chat,high,6505c00f60873691a5154f78,5.0
chat,low,5bad4db8b712f30001b87990,4.0
chat,low,65845dda978052080941c93a,2.0
chat,low,616de80c9d988b900e45e5d3,3.125
chat,low,5cfb5233df7d70001619ca90,6.0
chat,random,5484655ffdf99b07b28f22cc,4.5
chat,random,6116b1860a4c099ceac9d82b,4.0
chat,random,657656efb9be3fcf85d0f308,4.375
chat,random,6549672929330cda58b408ed,4.0
chat,random,5a198755f2e3460001edc5c9,4.375
chat,random,65616965eb072b6dd9ca0451,1.75
chat,random,5f8cbc5c355ea745e6cef2ca,4.125
chat,high,60f45fc7523abdfd3aad4c80,4.625
chat,low,5c377e2f5c297200015669e6,2.25
chat,low,659c2cf64dd0249b909c552e,2.5
chat,low,53976390fdf99b73530fe503,1.0
chat,low,5dd4a7c9c0823f494b158668,2.625
chat,high,5f481f2c57500a2ba6368143,4.75
chat,random,65181c2f753b188afdddd2c4,4.625
chat,low,5c5ac2869d974300015d81fc,3.5
chat,low,5bdfb648484288000130dad0,3.5
chat,high,5e58cfeeb542010d36f52748,6.125
chat,random,62e097c92160176b0b9c2619,6.375
chat,high,61088ab6c782e07b972b175c,6.625
chat,high,6168650925d6f445883ccdd6,3.5
chat,high,614f23fabc0fcaa3cdfb9e05,4.0
chat,random,63d9f41910c61f3eb102079f,5.375
chat,low,657b65f52b493230436cd807,4.875
chat,low,5dc368ce880a2927e264dbec,4.0
chat,low,6101c5bffd584fdda7def135,4.75
chat,low,648706968595d07a26faa725,1.5
chat,random,63e711bb284d2bc894a057a6,5.375
chat,high,649f525cce87cb12c95ea642,5.25
chat,low,5fd4125ed9973916d62d9958,5.625
chat,random,6310a2f269ce30c2c6c79b16,2.5
chat,random,61113bc2b68d5fd7a8c9bac0,3.25
chat,high,61159c6def6704a2e37a321d,5.375
chat,high,656bf1dfc5463c1ed2f2d6f6,5.0
chat,high,65813dc3593e691b59a7ec9d,3.0
chat,random,5c7cf8b58ca9000001b52f6e,2.25
chat,low,653c58e49cc39d33989d7dc8,2.375
chat,random,65187fcbd6ff6fea74d1b7b7,3.875
chat,high,5d11095c9286a8001a6bf0b4,4.375
chat,random,5e1c138a2bf9514062e4de6b,5.625
chat,high,657c5c308f36a3084ee2c7cd,4.25
chat,random,648729d9ccceeabf94fa2000,4.625
chat,random,61005b323af6d4714cf3167c,1.0
chat,high,655f914dd623b0eda52483c8,3.5
chat,high,6103122eb08df918649a930c,7.0
chat,low,65603afb8e9cfc182d7b55bc,4.375
chat,random,60fddcea6835ad57b97679a1,3.0
chat,low,62fe744f4cd35a1a91b43f13,4.0
chat,random,63eeaf9f8433c653dedbd574,4.875
chat,high,65a181a14ea84f42d0c55684,5.5
chat,random,5b0c65c11e55760001b96e90,6.0
chat,high,59d662aa0c0c7100015b9af6,5.125
chat,low,5dc474fd45b8f933f16d6241,1.875
chat,low,63474e67a5fd298c6103c409,2.875
chat,high,6290fc5fd068d3b465461cac,4.25
chat,high,636149119f0c3ee5c09c95d6,4.25
chat,low,61194af5c97115f17a581a9e,4.125
chat,high,5dfc64647adf4b971f329cbf,5.875
chat,random,5d4a36e8a61675000169036f,5.375
chat,low,651ed09bae5c435e44627f99,3.75
chat,high,5fcaf45432c262806989840d,1.375
chat,random,60ca4cfb5c287146cad0695a,6.0
chat,high,659d58b6eff80ce23bc134ec,6.625
chat,high,61087689e968fcf3269375c1,4.75
chat,random,6074b929f753216d88c77e88,3.25
chat,high,63d7ec164d40c184be89bf34,4.875
chat,random,5e1f7b2a4c9b832b34e7c9d3,5.375
chat,random,56871df4369319000c268ff2,1.375
chat,high,601e13b872774f263d64acac,5.75
chat,low,60949c732335a02881e59e7e,4.875
chat,random,62d133496cf7f774b8bf98a0,6.0
chat,random,5bcc60b95c2b810001dc68e2,5.0
chat,high,65a038f02fb72900ba2653fc,4.625
chat,high,5aee513f3606ab0001b92b29,4.25
chat,low,5d1aa9db716058001a060031,4.25
chat,high,5e373f33a42bce6daa55ea65,5.125
chat,low,63c1d50895843298a2267943,1.375
chat,high,6236fe0ee063333a3e1ba72a,5.75
chat,low,655a2216383dfa42b46a3519,2.125
chat,low,60008e2ee4d8c913c602e0cd,3.0
chat,low,5d62886927a84f00010fbbb4,6.125
chat,random,5fc6ff902ee4372475162887,3.625
chat,random,628509147e9e933a0c068b9b,4.625
chat,low,6438a923683de8fa6662b555,2.5
chat,high,5678ea0289319e00116519c3,5.875
chat,high,6560ca7bb947c4f10cf53c36,5.875
chat,high,6409110921de1c850a685bf6,4.75
chat,random,6539a45c2de366185e3fd515,2.125
chat,random,637058f9e7a26c452d1cc49a,4.5
chat,random,63d55208f472dc9178329bcb,3.5
chat,high,60fdd077b324ee5ee1d34962,3.625
chat,low,61048c63f7c9c64bdc0b73a5,4.5
chat,random,5f877e0715f8781a0c7c3ab8,1.375
chat,low,6135752aa4ee5158b0708670,6.625
chat,low,62fc63161f97c9cb8af24925,1.0
chat,low,604b682a8b6ed9694d8e48aa,3.125
chat,low,61539b3fa541b182c0fadde1,4.625
chat,random,632e9aa62793c18a857aece4,4.5
chat,high,65957a8e9709a247dcfc07f3,4.375
chat,random,613e399e5615a34457efcb44,5.0
chat,high,5aeb33dc329e250001c1f9c3,5.25
chat,low,650b2ee81386e0c27f7efe26,4.875
chat,random,5848ad3bdb871400012da095,2.125
chat,random,6150af603e26f4482fedf8d9,4.75
chat,high,60ae2fc5749d240eaf7db711,4.0
chat,high,5edd2225676334a0e631b7d0,5.25
chat,low,616b5241d8eb9504f10a5cb2,6.25
chat,random,5ededc7ab3595e17ef9533df,4.75
chat,low,5ef4d8b87faaa00c0dea0c4e,4.75
chat,random,57619c099fce230007797320,5.375
chat,random,657327316173c2bd86323378,3.375
chat,low,59bdeb96ab8d830001fe5ef1,4.5
chat,low,60ff4cca713180d934efc4c7,4.25
chat,high,608463432ad9e5774c98b317,5.375
chat,low,5726570ef2a83f000f6aea6d,3.0
chat,low,5f27b6967f64f05185e1524a,4.875
chat,low,609f528fba531c5195b6cd4e,3.625
chat,random,5c84a6dac558df0016566577,4.5
chat,random,60915d856f78c960f192847e,4.625
chat,low,648343299ec8050d10aee27d,3.375
chat,low,5ee19fc25b7b451c62de45af,4.0
chat,low,6571b72fe700b638df7730b1,6.625
chat,random,583b397f54686200010f1d20,5.5
chat,random,651f8f555a5fde411587c859,4.875
chat,high,65076c797ee85f5947193819,3.875
chat,high,651f605090748cf60ea12423,4.25
chat,random,5dd42e7f35cf744223c60d1b,4.625
chat,random,5d453e8723a5bb0001492546,3.625
chat,low,5b5a822e1ad8270001c4f28d,5.875
chat,random,5f58d7941af44708223b94da,4.875
chat,random,5df1c3c8c76aa60e11ecbcde,4.0
chat,low,611eae23dc03ab210d68b3a7,4.125
chat,low,5d4613a2da9cb60001aa4948,4.125
chat,random,60db523dcea80b0ec44bf2d9,5.125
chat,low,6100158db3080c7b157e85f1,4.875
chat,low,5be2cd7d91deed00015ad79e,4.875
chat,high,65047650b8182c7a7a0ac6b5,4.25
chat,random,647c65c5acb91c89819c7970,6.25
chat,random,63d569384ae2cf6d4dce7c32,3.125
chat,random,5c95493ddd325800166f838a,3.0
chat,high,55a75835fdf99b26395fae40,6.0
chat,low,63d152b604e8c21933a58a66,4.5
chat,random,615586b009f801c3f2d4af8d,4.625
chat,random,5f20c7843957f61f62c58bb6,5.0
chat,low,6112e93d1ef3fc406e9e72ec,3.5
chat,high,5ef246f8ac1cd908a674a2d3,4.125
chat,random,63e51c6b462cfa8a42eba8b2,5.125
chat,random,5cfd3d9cd0e99c0016baf6c8,2.875
chat,low,6473bd2d95a488b826bc24c4,6.375
chat,high,62dc6fd89dd8473b3671357e,5.875
chat,random,5dec17c87aeafe30634f55f7,4.125
chat,high,644031717c9c287ef6f5670a,5.5
chat,high,5e402dcd7b260d000a7b69fe,4.875
chat,low,596bac33670f410001fe9c07,3.125
chat,random,63a0d718bbed03d92665039e,2.375
chat,random,63d9bbe653e18c0a4e74f51f,7.0
chat,high,5d5e176e1a74440018661fba,5.25
chat,random,653f2424042d03012eb92ef5,5.125
chat,high,5fa9fffcf843322ce7456283,4.25
chat,low,60fced5f852ccadf742426cc,4.875
chat,random,655f8b8f7ee2491a2184b5cc,3.5
chat,high,6564a97c5a7fc9d31b9bca76,4.75
chat,high,653403fb4c4cee1065807251,4.25
chat,high,5de337dd9e19bf355ef6fdb2,4.75
chat,high,5ec407fae677370b3629033b,4.25
chat,random,5c0a33e93d878c00016da393,4.75
chat,random,6150c9597b5bb588dfd106f9,1.875
chat,low,5c663cd56fdc87000162e255,2.375
chat,high,5db80ef9823e0c000e66e1ea,3.75
chat,random,6525befce3ed4df85847d34a,4.125
chat,low,6545029c3145f27b3ece71b8,4.0
chat,high,659a66550e7e5db183c0299b,3.75
chat,low,562a8b949e2b900012006e88,4.75
chat,low,610348f3b56120293b846b7b,4.625
chat,high,6102ed0d80010b0ccc4a7772,6.125
chat,low,5d28e6fbd03d6a0001dd62a5,4.75
chat,high,63e51bd9b573cd46809e1d56,5.625
chat,random,5e3dde6752592c000c7fd10b,4.375
chat,high,5d1c0e818d27eb0016164015,4.125
chat,low,631a671f6dce7ca99b95bc65,4.0
chat,low,5d1b0776e1c05200018b582d,3.375
chat,random,5b29c2065b5c0900018b0105,5.75
chat,low,5bfaf3c40f84f10001fc0959,4.375
chat,low,60fe2a53ece9102510fd8b0a,4.625
chat,random,5bcd315d0f10750001d7f22e,6.625
chat,random,614e2b2bd900d5f91096ac12,2.75
chat,low,5783e984160201000103ece2,3.75
chat,random,657a6ecc62c29be44b207d5d,4.25
chat,low,6234a7fc493d026318784c23,3.125
chat,low,5fc134c704e715129eb5d720,3.5
chat,random,5e83bb0601aa8c11929fa6d4,5.875
chat,low,5bc9f8b677740000016a08b5,1.5
chat,high,65850fb49b707b99eecaf2f7,4.5
chat,high,5ebb96b6cd673a0008ace9ce,4.5
chat,high,6508b6a9a04f095add47027b,5.5
chat,random,5dcf4136cf8e7e086ea019e4,4.125
chat,random,5f42eec40c24ac531d4ca24a,3.375
chat,high,5e8ce1a772724409e8ec0404,6.25
chat,low,628f879f0e3931e5275c68ad,2.5
chat,low,5aef97b09516fe00010959f4,4.875
chat,high,5f3f5ad05ec7d1257993b196,5.125
chat,random,654fc6eb3097bf717a4a4ead,4.375
chat,high,5a0fbd21120fb30001949624,3.25
chat,random,62b21265a3b5b67b0f8ae791,5.5
chat,high,65090611293e4458c09a453f,4.25
chat,random,5dec8925be656d35d4005320,3.875
chat,low,6109c6f4d811418e3726ade4,3.0
chat,random,5d49f28a3fefca00193319ac,5.125
chat,high,657ff89570bee71477c11fec,4.375
chat,high,65a3f912ff22f2a843567d78,5.375
chat,random,61bb392e40db417c1a138dcb,3.75
chat,high,609e28fc803b1238af34d1c4,4.125
chat,high,6400dc6107a607811f95527d,3.75
chat,low,644e757b60476ac7d5a7717a,2.75
chat,high,623aa26da2b63382d1c03fb2,5.875
chat,random,634740193026d2b89955a51a,5.875
chat,low,5c78b032419dcc0014119082,5.125
chat,high,65a44479e2b9a23db776bf49,6.0
chat,high,63d8bf919eb3c6cd7907fc0f,5.25
chat,high,6509a31dbe1f3ed8cfe258eb,2.75
chat,low,61109bb38f065f6238b6cc5c,2.75
chat,low,55dbdc9d50a1f7001190d753,4.125
chat,high,5a4f6c4b5f741700018a79a8,5.625
chat,random,57b771677bcf1a00013f2ba8,4.5
chat,random,570f018053cc8f000f8d4bbb,7.0
chat,random,633a35fc5b65d7fa6965c176,4.5
chat,random,615dbec57d764bf5ab0a56e5,6.25
chat,high,63d18bfc4399ceb51556b9ad,4.5
chat,high,5bbd74b16f41680001ce5cdf,4.375
chat,random,5eeaa8ee94a7f8046a02a20d,5.625
chat,random,60c2b160526d0ae3b07ca006,4.125
chat,high,5caf87816ef0d100017611c4,5.625
chat,random,5c748b9188fdc20017c60436,6.25
chat,high,6555776099f743902858ed4b,5.625
chat,random,56e130548b1c33000a388671,5.25
chat,low,63eb78a1fc614fd7af392873,4.375
chat,random,5d42486206811e001ada5b4b,5.25
chat,random,5d4c7ac3e8ec490018b0050d,3.75
chat,random,657b836bb82c37cf3d68df6d,4.875
chat,low,5e589bf82e08c90a78a29bbe,4.875
chat,low,613fb653aa6f033cb05cc587,3.125
chat,high,652d78bfb5d850ebf79dd746,4.875
chat,low,6570a9158b8d82019fe9f58b,1.875
chat,random,60fcebba7345a976efc9c080,5.25
chat,low,653915d6bfafec21fb6e597f,5.875
chat,high,63d1597fdb4c616b6826bf66,4.625
chat,random,6001487015e5f62961639e7d,4.375
chat,low,652ff6c6b91e23646d72a53a,2.75
chat,low,60ff330871c21d483589dda7,5.0
chat,random,5e60460125834138aae85307,3.75
chat,low,56ddac2e6893b5000de993bf,5.625
chat,low,5c3f86e236052e00016ba692,5.0
chat,random,63b76a562fa0b721dffe1e29,1.25
chat,high,587418895c17910001ea4e75,4.625
chat,high,6595b73546b2341b46337789,5.5
chat,high,5ff0f1b0dd8cf14ba8957c5b,4.125
chat,low,650db7fec494128b979b35f6,4.25
chat,high,63e42833b46647e4119fbcb9,4.5
chat,random,6562565a6752019f98cf5c76,4.0
chat,high,5ca5435273897b0001de44ff,5.25
chat,random,65957b97896708cd25109c8b,5.25
chat,random,5a99003d777df200015ff521,6.0
chat,random,63b0644f614d18abfcfcacfe,3.75
chat,random,5e80f90be6882f01c5d585f6,2.375
chat,low,61523f5edff0567aa388e752,4.75
chat,high,58f90ebc3f4fef000199e2fd,6.625
chat,high,610720be056fb1454ee79c3e,4.625
chat,high,6107fc8501927f6a77843425,4.875
chat,low,650d90ebf26334f992c31579,6.625
chat,random,65a4453c68975352c8f0e5c6,4.375
chat,high,5d2f98b94fc1dd0017fe48d5,5.25
chat,high,63c0e1b1ee5ca75f61e3b2e1,4.5
chat,high,62e0314e341f3717a3c2e1f5,4.875
chat,random,5de434b622383642a58d86a2,4.375
chat,random,63d15e1be853005ff591b935,4.375
chat,high,655b8fda57fe5f855445c3d1,5.5
chat,low,55b5f6b6fdf99b713277dc94,2.5
chat,low,58a2952076c5b7000166150a,4.625
chat,low,5c7aa7d0c8c9920017d0c5cf,3.375
chat,high,628695630a79f5750c7bbbc9,5.0
chat,low,63f794e7d8d24753edbbb136,3.875
chat,high,5edaa52a54fe056e4bc55408,5.25
chat,low,63ff478aec95d54674669329,4.625
chat,low,5c3413aa64829800018b164a,4.0
chat,low,5b98d9362cca9c0001de161f,3.25
chat,low,5ec00f62cf12be40ea6fe344,3.125
chat,low,60ce63699ecc87f9ffc3945e,5.0
chat,high,6002dac201332230675852a2,6.125
chat,high,62b266be3221a796f6ec80a7,4.625
chat,random,65a68c5b8b510736ff8d6803,4.5
chat,low,5d5dcbce56779f001a62245e,5.0
chat,low,653ee1d628ced1573a58023d,6.0
chat,low,610871d42f29bee3bd9f2c88,3.375
chat,high,60d52a5dca16f851ab8b9b82,2.5
chat,low,652971cafa502e94819ef2d8,3.375
chat,random,611af7dc150eb89a935edc3c,3.625
chat,high,655fa9148d19c2c4379d5182,4.75
chat,high,5e9a363724927e0d07782751,2.625
chat,random,656550235189b3b8bd39f3b8,4.875
chat,high,65a1b0e9a87fd9d64a96c28a,5.5
chat,low,5fd1010738899d00096e8802,3.375
chat,low,638a3fd5992f01b81d0e1e93,5.625
chat,low,5d1555fe628de0001966c2fa,1.125
chat,low,630cc9747cb664e8a03c29f0,2.625
chat,random,5fff0eb8fa9eac64dfee12f0,5.0
chat,low,60fee74fa3b33a3312af7568,4.625
chat,random,653e815427effbcf60fd50e5,4.5
chat,random,5ced84b48e511000174a2628,5.0
chat,random,55b9a2f1fdf99b55fd370467,5.0
chat,random,601c73af332e2d7ce9b9fe77,4.125
chat,low,61002c88ae47f23265ff57e3,5.0
chat,random,60fe204fae558bfeb83d0bcf,5.125
chat,high,6266c2af9e12be23dff07d28,3.625
chat,random,5ed434531abc010dd521f5da,4.0
chat,high,65006bec31c35a02228b9998,6.25
chat,high,62e12eafa1f5eeafaf30f23b,2.875
chat,low,5fcc06c8cb747a9e9f83e542,4.875
chat,random,5c36e40e299f82000103ce0a,3.625
chat,low,614f571879ee135c5a579e08,5.125
chat,high,6554d46d51c7f11955e666a3,6.125
chat,low,65a3c0ee60b1e46f4e1d5f75,5.75
chat,high,6400dd2b5b4a2803b2fce1dc,5.125
chat,random,652c821a3d99a68b56fe9bcb,5.125
chat,random,5898b6e256357700011c2c6b,4.0
chat,low,613929236e3092c6bad219ab,6.25
chat,random,656f990666c1d1477516a098,4.875
chat,random,651b29ff3a6cadf518640abe,2.875
chat,random,559c3ae1fdf99b32b55f2d33,1.0
chat,high,615374298783c874703e15a6,5.375
chat,low,63ae111b15843aca0165d6ae,3.25
chat,high,5d5b0dd7c032a2001ad7cf5d,3.125
chat,low,610a40ffbf11d261514a7c0a,4.75
chat,low,5acbd1ecf69e940001d9cd4d,4.125
chat,random,5c7cb24bac90ae000144c910,4.25
chat,random,5f1dea279f4818757f07f087,3.0
chat,low,61531a9bd8acf4e88e083892,5.875
chat,low,64063ab4e87bbb62274cd0e6,4.75
chat,random,6569095f2cffcd8156ceeb91,4.125
chat,low,6307bd3bb93e804d22332b3e,5.625
chat,random,6522c32ec4e4f3b2f147d4cc,5.75
chat,random,5e3785d80d436271fbb1cf8e,4.25
chat,high,5f13ea38e764c61a82f38588,5.25
chat,low,62b0ff84054c6ca32f481c65,1.75
chat,random,5f7a28b8bedcf2112ebd1289,6.75
chat,random,61005341d7a2f59ba520550b,3.75
chat,random,5e571601a5b2230d6d2cb29e,3.5
chat,random,60fccd23e1ad21917bf83d5b,5.0
chat,random,5f0d2ad60ad0d6730c380b05,2.25
chat,high,5df961cb53e8466f17606ae1,3.125
chat,low,5d7a90912fb68c001b06a218,3.25
chat,random,654cede3e7e7f75c59cc6064,3.75
chat,high,65a0569c214275fb72e5c87e,3.75
chat,low,65182074ea1027b3193b5a60,4.5
chat,low,659f35424bd33c459b6c0d6a,4.25
chat,low,5f3d6975ef131710ed519c7a,4.75
chat,high,607ba9f40639e8a2c931d622,2.125
chat,low,5bf408f7f35e0c000101693a,4.5
chat,high,6550dd527fede9c068b3a08b,5.375
chat,high,5fdf52ad8f621071aeb33612,3.5
chat,high,616326a20970334859e5230d,2.375
chat,random,60fd6618f9a377f54dcdf318,4.125
chat,high,5fcdddcd64fc2dd06a6ceadd,4.625
chat,high,5b0779259d397e000191969a,4.375
chat,high,608dba0c9d16e0f3e89f9050,4.25
chat,low,65a4476d25b0569bdc0cbd14,4.625
chat,low,64417068d8702a6cf2a7b472,4.75
chat,low,5ee6511c69b98d0129d62f27,4.625
chat,random,606be651a89a7baf6141e8b9,4.0
chat,random,6235d1494270bb3802634c31,3.25
chat,low,5c4687a93ee0340001be7c77,1.625
chat,random,6100f86b914ad2ccb52115fc,3.75
chat,low,655a1838cb3988940b59c3ff,4.875
chat,high,5ed174832955ea0c743fead2,4.625
chat,random,5ccc60abe787e000167f8143,1.375
chat,low,55bb9ae7fdf99b26d27fda01,2.625
chat,random,65a8435144d6b974c0a1e5fe,4.75
chat,low,5d51444f292b750001583e28,2.875
chat,high,60fd8065a1167e6177d1be38,3.375
chat,random,6596cb5e52fd4716a59924fa,2.75
chat,low,60fe2058d424ad8187e4cdd7,3.125
chat,high,60cab9dd5a974695b32eb2ab,2.0
chat,random,62926b2bba027005e0a84475,3.25
chat,low,56d0f57421cd29000a9737e4,3.875
chat,high,6306d39340264f76753706fd,3.625
chat,high,5eeba783164680119f2e30c7,7.0
chat,random,56875435369319000c26947d,3.375
chat,low,6447222db0f5274302c4c769,4.0
chat,low,6536955bc3ea4abe0caf7631,7.0
chat,high,63e52f8ab3688f45f842114c,4.0
chat,random,627bece13ca9c5a9511a7cf0,4.875
chat,low,610899b682536f01d61cc468,3.0
chat,high,5e92604b3d1b57595c446071,5.375
chat,random,63d7ab31b392696900786d31,4.25
chat,high,5a6e8532e6cc4a0001b6d728,3.375
chat,random,5e3f4c676d06fc1b240e6021,3.625
chat,low,610898813e48dc2864965122,3.0
chat,high,5e9a2251a69f690b9cc31ede,1.375
chat,low,5e5410f5be932e06384a03ec,4.25
chat,random,6361549b0d09a7c730e48290,5.625
chat,high,63e53c88cc866d7cbca67885,3.625
chat,low,60fec5e6c212acc3a302d224,3.375
chat,random,657f5c2d51e703ef98eede73,1.625
chat,low,656d06ed2d90244628b28ff1,7.0
chat,low,5bd8d97c26903900018579d3,1.5
chat,random,5e9679a26b86610fdf2c766a,5.0
chat,low,65a690ee984f75f73927acc3,4.875
chat,low,615dd79ed16dba94e3f7b2ef,4.75
chat,random,591d369e88bbb500013a8517,4.5
chat,low,5f4726e874ace8119fecd3a8,4.25
chat,random,5ba184ad35768a0001437bdc,4.375
chat,high,60fd60e7587e4f2e860338b4,1.0
chat,random,65958ae0e675d0fc37233c78,4.625
chat,random,57f2b5b82a1c2a0001ab0562,4.625
chat,low,5f3d5becc9088f0e8303b944,4.75
chat,high,601b4794fa119d4f81a79761,2.25
chat,high,5edb7982f3b2f87f8ef83236,5.0
chat,low,57864d24900cc80001d2de56,5.875
chat,random,656ccf8923e7b8fb9b63d7b3,3.125
chat,high,57a08ec3dcff7d0001c7ce99,3.75
chat,high,655907b93e24ad8e74374629,5.375
chat,random,60bc2284cfc4b7c2ab9cacdb,5.375
chat,random,631819e1a694706e19cb6247,4.25
chat,high,5781c15381f331000139a89e,5.0
chat,high,63268e60fbfb9c73671faa37,5.5
chat,high,601c7efe9dce2d7c66be3837,5.0
chat,low,598552156ab9880001b5a70b,4.625
chat,random,6549927350580f18680deac1,4.625
chat,random,572d05c688902e00091e4a2c,4.625
chat,high,5e3314fe267efd2ebde4adc7,4.25
chat,high,5c291c9e1496350001cd4646,5.5
chat,low,6511fcde641c3150718f7fe5,5.125
chat,random,5d100e740277ff00152f7562,3.125
chat,random,65a85e90e10ea01f2808d1ef,6.0
chat,low,5fba9bfd8a35c16f49a9666d,3.125
chat,random,5c33933cf3eeb60001d627c1,2.375
chat,high,62fdcda607c1d770ba1c6da8,3.375
chat,random,5e63e24eaf3bd51660031dbe,6.75
chat,high,610030180e6429e36c3d07e4,4.0
chat,low,6579d5a22e0a15c71dd52086,4.25
chat,high,59c3289b8e6ea10001f7b926,6.0
chat,high,6553f9a63b83480e831825c0,3.25
chat,low,646691e373f0424399e2de28,3.375
chat,random,5ac68ddbe734400001da4729,4.875
chat,random,5a5da588f6c51700019527c4,5.5
chat,high,5e7b84f8c67949191491786f,4.25
chat,low,626976d0dfd20d6832fc92aa,7.0
chat,low,5afa5252672ea800010d97e6,4.125
chat,high,62840ccca4e83b85b1c11a27,4.5
chat,random,628545039fd5d4d5db5169fc,2.875
chat,high,5d38f983242a6f000156bbc1,3.625
chat,low,650602caaf8bfaea9b0ac6ae,3.25
chat,random,6007a7996fbeef04ce080f90,4.25
chat,high,5ed1b1f962f152000804db12,1.875
chat,low,653ed34dfa601f3952c72ed4,2.5
chat,high,603ee4c2bd61ee1a08fd6a8a,5.5
chat,random,654e40f499dadc50cf250314,1.875
chat,random,614a8c315301f6c3b736a6d3,3.375
chat,low,654287b7f8958a83a5c611fd,5.125
chat,random,5c560b6fccb08c0001e134a8,5.625
chat,random,60ff75b59db646b381e8f748,4.5
chat,random,5591827dfdf99b4fccbdfb21,3.75
chat,high,578e6c599bd3d70001e5057f,4.0
chat,high,60c10acc73ff7d406c3d940d,2.0
chat,random,6531958a74d39ace86a60bd9,4.5
chat,low,5a87b173b093f80001a7ece9,3.625
chat,high,5d26aaf4665b0a00174b8f03,1.375
chat,low,65345c123ea7ca867237e6e0,5.375
chat,random,64836981f87b85ab4b89dcf1,5.625
chat,random,656ab00901bd47431d542d6a,4.0
chat,low,655f9ab08d19c2c4379d4f9b,4.0
chat,high,65a3efd5724eff2124161ec6,6.125
chat,random,5ecd649985aa0b0c194928bb,4.25
chat,high,5dc5bd296a8a334443fbf216,5.875
chat,random,61003a57b29e11c1531ed75f,3.875
chat,high,6014213c77aab7396ca3e5a7,4.125
chat,random,5fc50bb38378c80ac88354ef,6.375
chat,random,5e27727328b7b698b037ee6c,4.125
chat,high,655b282376eb74c73197bac3,4.5
chat,low,65394a1487ee7f89125a1c67,3.75
chat,high,6168a697ae9f4d8dcfada29b,5.875
chat,high,65945423ca79f0f7b01cc18b,6.375
no-chat,random,65d3958a8a5c879c9f684b9d,3.875
no-chat,low,65428ccce27a0d4dbf9beb82,2.75
no-chat,random,660ba1a71852af4fb125f02d,3.5
no-chat,low,5e3ef60d79465914cab78284,3.125
no-chat,random,66f3af39161ce99b4ec75a71,6.125
no-chat,random,5ffe235ea848b74a3b3ccd07,2.625
no-chat,low,63ed77eac8a7bca85453fa80,3.25
no-chat,low,611c31c77df20ecc6881cc44,4.0
no-chat,high,67ad33ba12809596621ea1bf,1.125
no-chat,high,5dd9e1e0a4aa2696d9a15c0d,4.0
no-chat,random,65e150a2cca2780f6d77dfa6,4.0
no-chat,high,6743b4c648cbce35a08aa246,4.25
no-chat,high,5ab3850c6db3e700011bd740,4.375
no-chat,high,663ad3521b3d8f4931d80cd1,2.625
no-chat,random,6726e53b4f3cae8b9e5eb167,4.25
no-chat,low,5e3e54f69e51f80b67c1cc06,4.625
no-chat,high,64e8a63d30b3b5fbf590c6a7,4.25
no-chat,random,65de67e5627faa3ffb10dec8,3.375
no-chat,low,671d48bbee99c1439ae0d0de,4.0
no-chat,low,67ad2b19d3c9bf3067197d47,4.625
no-chat,high,670f6171756d8d3b2a73e819,2.875
no-chat,random,60c25b6289c6ae2b40bcf2cb,4.25
no-chat,high,654a949f3ea5b14e777a3824,3.5
no-chat,high,66a09fe785573924735fc76f,5.0
no-chat,low,67ad6f968d85e780f8cc51b0,5.0
no-chat,random,602c42fcd6ab3e5033c45951,4.375
no-chat,low,67537f7d56347afdd62e9b68,2.5
no-chat,random,642e880fcd7287e38beba0b5,5.625
no-chat,low,5c748f00300d3d000126ef3b,3.25
no-chat,high,673c760803af5257ef341552,5.0
no-chat,random,62d59a066ee263bb659aa445,3.875
no-chat,random,651701711294a92ff791d9c7,1.875
no-chat,random,67614c1d72deb07c994c5f08,3.875
no-chat,random,673631fb062d6c8e899e7802,6.125
no-chat,low,67914eb5f22224c1335626b4,3.625
no-chat,high,5ec5a64c306f255ec98d5cc1,5.375
no-chat,random,678a6b750f1332cef0ba2f5f,4.5
no-chat,random,6713c7a11cd04cebe7a50c9d,2.0
no-chat,low,5f6837758ab63d4814ea553f,3.5
no-chat,high,67ad6cede0f08c2f6f1dfe0d,3.25
no-chat,low,664fe32106fae7b108e23a5f,4.0
no-chat,low,610b64dc95ff0ef5b5b9ac6b,4.25
no-chat,random,6533ed4d1f4d40995d982559,2.25
no-chat,high,67490a3fcaa783ad93c2d1a3,4.875
no-chat,low,66313a1d5b7e48589182d3c9,5.0
no-chat,random,611343cebd1f50c6a0eaaf8c,4.25
no-chat,high,6780983bd25231f0258659ea,4.625
no-chat,random,67aa93c8eedf70e7720abfbd,4.25
no-chat,high,673c6d3463fd377a959cb4a4,4.875
no-chat,low,66dc8975318ba0672c543be2,4.875
no-chat,high,668f18516826b7151ab685b3,3.625
no-chat,low,65084a7ee95a6be9a789e832,3.875
no-chat,high,62bdfe451d380bec13a4a864,1.75
no-chat,low,5cbe04b4f429ff00159de30e,3.5
no-chat,low,5df9846d76f45070feedf075,3.625
no-chat,low,6731869e56b831ff72733900,1.75
no-chat,random,656130263399ad94b5b84fd2,3.25
no-chat,low,6111ec391b7048bb53089f5d,3.375
no-chat,high,674ecdd37aa9083d281d4622,4.375
no-chat,random,6705565ffd67124adcd513ec,4.5
no-chat,low,67ad6dc87d941888eddf065b,5.125
no-chat,random,66467f17d20e4b68c8b78a11,4.125
no-chat,low,584626b7e0ba710001a47438,3.25
no-chat,high,5c747b0f181ad300113363ed,4.875
no-chat,low,669ac885aa2ff55e7ace42b0,4.375
no-chat,low,673d4827fcb713b77285ef4a,4.0
no-chat,high,670ee6d9ec858a5854c2e4f2,2.375
no-chat,low,67367560f6f894f6dcb2e5c4,5.0
no-chat,random,622f7f35376a1f92763ddbe2,2.375
no-chat,low,61140fbc763ecf6f2de71183,1.875
no-chat,high,6736945f69dd1794509b75c2,3.875
no-chat,low,663a91f9d7810606e749b423,2.125
no-chat,low,6630e01b7d69d22b8be429a6,2.25
no-chat,random,65a6914daa5ecd97918f4554,5.0
no-chat,high,66cb78cfb80b0b64d242b0b2,4.0
no-chat,random,60fda57e0916dfe2157c9b00,2.375
no-chat,low,5907c9f61138880001bc77b2,4.5
no-chat,low,60e5868307d715a4d1445116,2.75
no-chat,random,67765133d2894141c1b0f36b,3.25
no-chat,random,6761934aa62aae0c93863233,3.75
no-chat,high,655f8e891b552204b27bea44,4.25
no-chat,high,672481b0bbb0b0eea303c17c,2.125
no-chat,low,665f9dab04a455eee7e581d8,3.0
no-chat,low,66d931362ce64ae2b9c59fce,3.75
no-chat,random,66b6cedbfcf1dc9ed0b5c8a1,4.75
no-chat,low,5ed427e3bcd0c00b58a177c0,1.25
no-chat,high,66519e1a4d7502a484165e43,3.625
no-chat,high,64356de0414439647501c417,3.25
no-chat,random,667db5ff4ef4ed2a73acd556,5.0
no-chat,high,58060d08b869700001d70b8c,4.625
no-chat,high,63636efc209a7701cd2f9a64,3.625
no-chat,high,65ddb17e60616cd36df81188,1.0
no-chat,high,5eea9022b069b01a9289091f,4.625
no-chat,random,67aca3fb4041c67b5e429825,2.875
no-chat,low,6073ad2cd288215f64f51efa,1.0
no-chat,high,674700e24094e27829036b22,5.0
no-chat,high,6742d74e9f7b3b029a3791a6,4.75
no-chat,low,627d9c6f4afa273af13996d5,4.0
no-chat,high,5fe18e1c8929f0c2a41e43d8,2.75
no-chat,high,5f16fa8069dc2901cd1e0b05,2.5
no-chat,random,6564e143b65aad826f6cdf7a,3.0
no-chat,random,63e7f2a754618d35c2b61ba5,3.0
no-chat,high,664a08c5a2c484ea3a7a7065,2.625
no-chat,random,564d1fedb48dec0005b5191d,3.375
no-chat,random,672dbb9a3892901234c54fd6,4.5
no-chat,random,5d163b2c601cd7000172713c,4.25
no-chat,random,6762c5c001ce66a8d666441a,6.375
no-chat,low,66ca30ef6485c36b4b2f4187,4.125
no-chat,random,672b81a872e5f5ed55c45d5e,6.25
no-chat,random,63d30c248a5a35bcbce70056,2.25
no-chat,random,6783e08aea4458d233a20dd7,4.25
no-chat,random,6372a4ce725e6bb64a863e72,2.375
no-chat,low,668f6772531a38e36e48299f,3.0
no-chat,random,65dcf3d7f7299ee53d9a454f,2.875
no-chat,random,66cb8b70a52cdc28364f3d79,2.75
no-chat,random,5c830a66d6a4d0000164097d,5.25
no-chat,random,667e000c4bfb9ea4c3e01d66,2.625
no-chat,high,65958438929aaa555306b792,3.375
no-chat,random,62cbf51439a76e8fccd8a495,5.375
no-chat,low,66539d070dd6b120d6278deb,2.0
no-chat,high,5f5e32a0d6a12c6857b8e127,3.875
no-chat,high,6746e0ab77a427813b3fda0a,4.75
no-chat,high,674c6b54b3b66e7b924615c1,4.5
no-chat,low,64d6c42e2328deb02a2fedb9,3.0
no-chat,random,63a77363dd6fabebef211019,4.125
no-chat,high,65e01ed82bf613ad0f3d1bf0,4.875
no-chat,low,673b89eee6d0a7352ab6e9ca,4.5
no-chat,high,67aa7ee76e88209b22340fdf,6.875
no-chat,low,6655fd511b6c8d1fd05de12d,4.25
no-chat,random,6691a24cc9b007edebddc34c,3.875
no-chat,low,6784912ccf5664bd1c08be9f,5.25
no-chat,high,67302c1b7c5b614ccfd5a260,1.0
no-chat,low,644d9f390f2b8274af07c00e,2.75
no-chat,high,67647f0c09b4f6808c7d28bd,4.25
no-chat,high,6659d01c220a87b46ab7ed06,3.625
no-chat,random,669c19f33d779ba1a9d452df,4.75
no-chat,random,673a107473bf93fdec63a382,4.875
no-chat,low,671761df8e8550cfc34cbed6,3.5
no-chat,low,67ace681f4b040ecc5debf18,3.375
no-chat,random,66d9b6042ad7fd7890e06ae5,3.375
no-chat,low,6792fd5488c5367311fbcd34,2.875
no-chat,low,6634ee5e11f612e998d1dae0,2.5
no-chat,low,67548364da0b747ab6472da3,3.25
no-chat,low,67894670992089d2b19bc21b,3.375
no-chat,high,66ba87e335f3a1db594c2e58,4.75
no-chat,high,670cf1827819b4f39133584b,5.5
no-chat,high,6303fb5b692c378ba1d010f9,4.25
no-chat,high,5cb2cae61141a0000115f739,3.375
no-chat,low,64226a9ac7739618beeee60d,3.25
no-chat,random,677743bf62e157794cf97ff4,4.25
no-chat,low,67acc5ed78e59babe2c5c670,5.0
no-chat,random,60ff22120e009909e207ae02,5.125
no-chat,random,65427e1d1b9b9e0bc0616e47,2.0
no-chat,random,677b5b3a86ffa3b3fd4f84de,3.0
no-chat,low,5fee99daeae54318b087e9b5,2.5
no-chat,random,5f330bfd7109cd0e649566b6,4.0
no-chat,high,5942bad2519fe10001991941,4.25
no-chat,high,5eeeb45360a44437a971aebc,2.875
no-chat,low,67a41aebdd3e6ae96df6c9f5,3.75
no-chat,random,66e76d0de95113d62f709ec5,5.625
no-chat,low,6054e5f7c1931593649b158f,1.625
no-chat,high,5caa183a9ac82a001631374e,3.25
no-chat,random,677b03282a32bc17e223ca06,3.625
no-chat,random,675a5741c07e900d972a1706,5.5
no-chat,low,672d7980b09943f43d11addc,4.0
no-chat,random,5bb3d470a1aed700011f6575,1.0
no-chat,high,62a39ad98ce3882e11e54d8f,4.75
no-chat,random,61230b14a3bcb65c585dfdaa,2.25
no-chat,high,641f9b7b5528c725f5511fdc,3.375
no-chat,low,5886fd6fe91a400001fabee5,2.375
no-chat,random,67ad4b866e05b58fdfd5a175,4.0
no-chat,random,6679e88eb948e8a4b08a39fb,3.375
no-chat,low,608f2aa883599160c8b87a79,4.125
no-chat,high,671b23ad48265220d2591cb6,5.5
no-chat,random,60f3c1b003bbf8263f002824,3.875
no-chat,random,662fb80a4da196677a2d2a16,4.75
no-chat,high,67aa372aa75ac04d0b43ed25,6.25
no-chat,random,5e872f5b3a32c337ba65aa68,2.625
no-chat,low,65e207f52aa80c2ecbb55ddd,1.75
no-chat,high,6581aa38a9aec56b238ee2bf,5.0
no-chat,random,65b6e25a458275b5740afbfd,3.5
no-chat,low,5f30690c22e6b84c463a6350,2.75
no-chat,random,5e09ffd8fa3d102a583771c1,1.5
no-chat,random,5bc731d935b90f0001431bde,4.375
no-chat,low,60b980cc0561f964e5b9e1f8,4.25
no-chat,low,66b6a31b13c46524cf769bbc,3.625
no-chat,high,672fcb52178640c4588cfa2f,4.75
no-chat,high,66a56853eae42f430895b05e,2.125
no-chat,high,5f14d5cdb5d4c20e78dc1672,4.125
no-chat,low,5e437d7404eaba215eafbd2a,4.625
no-chat,random,5ac560359534ba0001c74715,2.5
no-chat,low,66f16d7bfd2a1c4581ddc3e7,5.75
no-chat,random,663a5cc00a9319ae2817cae1,3.75
no-chat,high,671e70010b8f04850445045f,5.625
no-chat,random,678bf6fd7ba7af6da96f5e31,2.625
no-chat,high,67aa0dc26cad21201f1e58ec,6.125
no-chat,random,661415341b1fdb1844c6f6a6,6.125
no-chat,high,6413a350a3150081eeb69d44,5.125
no-chat,low,6758de6c918d844588f31949,3.375
no-chat,random,675088c65bc8f118eaac066a,4.75
no-chat,low,5a8cba1a8fe2dc00010643f0,2.75
no-chat,high,66a90655f7c843384a6c8178,3.625
no-chat,low,64559feafbddb5f11010b973,5.5
no-chat,random,6550de88683355a74699844c,2.625
no-chat,high,665099c6093671498d8986a2,2.0
no-chat,random,6722ee80fdfbe649d078a34a,4.375
no-chat,random,67104869a47a61b561900be7,4.125
no-chat,low,668861435d486bf277cf78e9,4.0
no-chat,low,6080956cb039d0b097c4c595,1.0
no-chat,low,663bd886f68719983415f197,5.5
no-chat,high,63d7d121019e47392080a7f3,1.875
no-chat,low,664c2be93f0c45b03883703a,4.5
no-chat,low,6500a84f0a4f87687fa51a20,3.5
no-chat,high,676f93569543d9bebf04a54b,4.375
no-chat,low,5f14686a138862017444cdb7,4.0
no-chat,random,633599d83df1823b08ae2e61,4.25
no-chat,low,66f6fa16339c2215add1d24b,3.75
no-chat,random,6739075d10227690e7d142ed,3.875
no-chat,low,5ee241268698436ab99901cd,2.625
no-chat,low,66d57233b1a2690906c46d0d,3.125
no-chat,high,66d69d42515fac1f2273d10e,2.0
no-chat,random,5e6011c399b03c35f69a53d8,4.375
no-chat,high,67488a49e81479112e127446,3.5
no-chat,random,5ecaf0fa5c1f7f6599d959ff,5.5
no-chat,high,66c6433698ea92b7ef15182b,3.5
no-chat,random,673cfddc2603281edb50447e,1.875
no-chat,high,672257189f5d5ac3fca9ed06,4.875
no-chat,high,666e3b13a72994f38c7742b3,6.5
no-chat,random,664439645a9a29be43d5bf5a,4.0
no-chat,high,5f49f3262a3d07563d14a7f1,4.0
no-chat,low,67aa0534fa43440bd6d50ff9,3.625
no-chat,random,5658000ca9872d0011e1ba26,2.25
no-chat,random,6702c3ee33eed6369eb34c8f,3.75
no-chat,low,5a7618b18fe2dc0001057243,5.625
no-chat,low,5d617ba9364f9a0019f1dac3,2.0
no-chat,random,60721a45b75cb8f4b00abd05,4.0
no-chat,high,5b53e95f4bbe600001465c18,4.375
no-chat,low,667134987398403120cb2cfa,4.25
no-chat,high,5e1be26a93e9d5402a651f55,4.0
no-chat,low,670ebd303927e9c0ce6e6ba6,2.875
no-chat,random,673fd400230062f588229314,2.5
no-chat,low,604d8f415e948938fd60b536,3.625
no-chat,low,6693d7af775fe7cfb4cdf46c,3.625
no-chat,random,67352ce06354a65a2a47a063,2.125
no-chat,low,6712e324fb9f6e740980c7c0,3.125
no-chat,low,56b57cc50759c90008c0271a,3.875
no-chat,high,665d9a68c75ea31bf2f9f218,4.125
no-chat,random,559ecce6fdf99b16653fb880,3.375
no-chat,random,60fd7d0feaabc6618a7a4a6b,3.75
no-chat,low,65172fc7765bc8a93b141b68,2.25
no-chat,random,67533beeb6216afd02edf24a,2.375
no-chat,low,5c231ab3da51990001e20000,3.625
no-chat,random,65d514731a78f893b95a8516,3.75
no-chat,high,6781c04bb4d02ad68a57e4ae,2.5
no-chat,low,562eb896733ea000051638c6,2.5
no-chat,high,6761c965aebabcb9d2a99de4,5.125
no-chat,low,678ef88b2288ad7bba640275,3.875
no-chat,low,672d6c2662990338b6c5ad4e,4.875
no-chat,low,63ee285c49c51e4f2826a68e,4.0
no-chat,random,65241fe1a3f22ed57907579e,3.5
no-chat,random,67ab82c80ddfdba1abe501bf,4.875
no-chat,high,5ba5d8b960f3d50001697104,4.25
no-chat,low,66106de7b3f2dbb98745308c,5.0
no-chat,random,56c984eb10a82f0006ffd111,2.5
no-chat,random,66296a13adb9393903a9cc1a,2.5
no-chat,high,669b5e977cae482393aec431,4.75
no-chat,random,65c883c0c0ea0a7065dd8ca6,1.875
no-chat,random,66d732f167642cddbfbf2d9d,3.25
no-chat,high,67acc27a9ecdc4f325d868b8,4.25
no-chat,high,6645755c72f71662e832dfb8,2.125
no-chat,low,5b690c1840003400016fdb4b,4.0
no-chat,low,65dfbf73ec3a047b5653add8,2.75
no-chat,random,66ba9cd5343e159bdc8691ad,3.5
no-chat,random,670e735764f379104d34dac2,5.375
no-chat,low,6290cebe9b9de092a6b266e2,1.0
no-chat,high,586371807fbbcd00013972ad,3.0
no-chat,low,5e56457f6370ba0184e041b4,4.125
no-chat,high,676f7e7a27b402fce934d63c,4.75
no-chat,high,667984ded209db9088acaf30,2.625
no-chat,low,5c638b779e01830001f7127e,3.875
no-chat,low,665f81442e9eb2f969a3a4b1,4.75
no-chat,low,6548f6f0de5f46d3f7b04fbb,4.75
no-chat,high,60fe46c3d51289d415106710,3.375
no-chat,random,5ed9c3054268815691ed0e2c,3.5
no-chat,low,6768fc01f2f6140bdba01071,2.625
no-chat,low,670723661d98b038eace96f2,2.625
no-chat,random,66f30ccee502f37e1b81de35,4.375
no-chat,random,66060f19dda14ccd05dfcef9,2.125
no-chat,low,65bd21aa5f089b1fa5ff2758,3.625
no-chat,high,678da8eceb44ffd398308104,4.625
no-chat,high,67171fa93cd108b6c2b59e4e,4.125
no-chat,random,670d9275acd5b4f818afb325,4.25
no-chat,random,5be4c8d0d4079000014c0998,3.625
no-chat,low,568c67547374ad000cc7448c,1.125
no-chat,high,5c3630c83ce2c8000111b504,4.0
no-chat,high,5c3aba062b75d300019898eb,4.625
no-chat,random,66ef472a00bafe2855a5a3ac,3.5
no-chat,low,574ce0a57fd0ec000db73aa6,3.375
no-chat,low,5a50f10eeedc32000141fccd,2.0
no-chat,high,610064cd25c1c2ed6fa9b925,3.625
no-chat,high,665f6c4857f52e18b1ca2fe9,3.0
no-chat,low,66ad6b720e558ef6ef2a19f5,2.375
no-chat,random,676b1de65e91d8e5f606bbe6,6.0
no-chat,low,614996ea0d6f318ed4ff81e9,5.25
no-chat,high,6653954cef623f7a2ac0d3d5,2.5
no-chat,random,67435bbf9649c44a0e379543,3.5
no-chat,high,672ceecd4b982fd2123fa32f,2.125
no-chat,random,55d234b45bc5bc0005d9039d,4.5
no-chat,high,5b6db9e0580154000153cc64,5.25
no-chat,low,6593142693e325f574fd8be9,3.125
no-chat,high,5f46cd85e858dd0a24269315,4.0
no-chat,random,659fff4087038351f6e42a45,3.625
no-chat,low,5f04b7a99b50ac10df3a9eac,4.125
no-chat,high,63c6e885e6834fbb0d9c0ebf,5.375
no-chat,low,66311cdfdc6a541751ee782a,3.0
no-chat,random,5e0696dea7fba607951ae479,5.0
no-chat,high,6633ce38def177f3db410a84,2.625
no-chat,high,6729fdee248a7510b80f8a6d,5.25
no-chat,high,672f795028d274cb06d27fb8,1.5
no-chat,high,670fe83b7665f15a0dfa83e9,4.75
no-chat,random,662ac1e0be08be46f5813090,2.5
no-chat,random,673e7db46a9488db9168db6a,5.0
no-chat,high,60838e2e91a6300001f9ac89,3.0
no-chat,random,5694e7b5e0c800000b5a3841,2.0
no-chat,low,65429041aa9bde9216c53dc2,4.875
no-chat,low,675f74c5c465ee80225d229f,5.5
no-chat,random,5b894987e79bf50001e1ff95,3.125
no-chat,random,5f0ec8be70489322b9cb26f1,4.125
no-chat,low,6522ee565f79028d52ce509e,2.625
no-chat,random,674b71f1c045ef7f014cc567,4.375
no-chat,low,5f91abafc0e04503c08a72cd,3.375
no-chat,high,677d99d7e6122bb726370792,1.0
no-chat,low,5d7ff4aa50fda7001a863736,4.0
no-chat,high,65d50a645355ef7756002e2b,5.75
no-chat,random,6682b197d953c2cf476e0bd7,4.625
no-chat,random,60555b56af1bc30f5d438bd2,4.5
no-chat,high,6478c2e1fdc31dee92f51fcb,4.75
no-chat,low,5e99eb0dda49c10590b13f3b,1.75
no-chat,high,6782c55ae0a031b860ac1964,3.625
no-chat,low,674dfdc114bae6f93158134d,4.0
no-chat,random,665be0f6f76e8e04ef295d98,3.125
no-chat,low,5a9dd8b1873cda00010d18c5,3.375
no-chat,random,63bf6105f71f720415f0198b,3.625
no-chat,random,67947aa8456c9c07722b10cf,2.625
no-chat,low,6786d6d81286c8386e009009,3.5
no-chat,random,66cd56c97023df79cf54e989,2.75
no-chat,high,67109553564f4ef0553b2f94,4.75
no-chat,high,5eb4b7fb6053b7338e25e2a1,3.5
no-chat,low,656545393d1d53cd53c4fc36,3.875
no-chat,low,6675af084e6bbad41892ec9d,3.5
no-chat,low,66613916abcfcbe01b57b32a,3.25
no-chat,low,6741b22f949e14eed87e8bca,3.75
no-chat,high,679308802b9c93a3e9e8b0fa,3.5
no-chat,high,662b24af863fd5cc1437384c,2.875
no-chat,random,6535d3f1b4ff80adff474548,1.625
no-chat,random,61537b604de14958a9c7f945,3.25
no-chat,low,65f89d297fc6f6212c9c483a,4.125
no-chat,high,664a48072cc4493facd881f1,3.125
no-chat,low,5c952f252e2e320019b1aa7b,2.75
no-chat,high,671e0c25832887cd06cee210,4.0
no-chat,random,673cd78bfcda1a02eea522c8,3.75
no-chat,low,670453b0d93209a1e156916d,3.25
no-chat,high,5d4b6bfb0cf3e60001d88c23,2.75
no-chat,high,6522fd00b1d2cc60dedf354d,3.5
no-chat,random,678f46df9bd145463dbedd22,4.25
no-chat,random,6726c70622b97e6722fa53d8,1.25
no-chat,random,5f6fd1451758e95a989623b2,2.25
no-chat,high,5ec741f90b0a68183be0ac6d,4.25
no-chat,random,63614899ad49a91f1ef09067,4.25
no-chat,random,66ada6332d525af66b7b7d9a,3.875
no-chat,random,66a3ec7b903a771878c6e491,5.125
no-chat,random,61112c05608ea60cb93f04f0,1.75
no-chat,low,66770c43f6af58991638b26a,3.0
no-chat,high,676977c50260dd18cb905926,5.125
no-chat,low,66e424b310a4bcf7a4a70c04,4.0
no-chat,high,670075d557d79b4cef60c761,2.625
no-chat,high,65c1158c42ae46b4f170955f,1.0
no-chat,high,66c36df59f1061046b7ea01b,3.875
no-chat,low,5c31f92c23f1c60001a6a3e8,3.75
no-chat,low,668b28baed14cafbc306511d,4.375
no-chat,low,60a494b9ce384122865f7175,3.0
no-chat,high,663bc31529719b8501c52820,2.375
no-chat,random,5e8bf957b7e6de0e5571b507,4.5
no-chat,random,60f4a2d142c69dc1121b6dbf,2.5
no-chat,low,676b8acc4b449ff2af202921,4.0
no-chat,random,651c1abbc73b6eea8fa97193,3.25
no-chat,random,677001d0e95b8934348de13c,3.125
no-chat,high,67afe821be0bb088e78c44ec,4.125
no-chat,high,6132d4daaa75e0a8f064dd9e,4.125
no-chat,low,66403c574b928e5094b3c299,3.0
no-chat,random,667715b0cad8d06ec690ef00,3.875
no-chat,random,65dfb9ef84f2b03399eecc6c,3.5
no-chat,low,6294bdac3f1ed08e968e53bf,1.0
no-chat,high,6774630907f0abb2253c5a05,4.0
no-chat,low,5924f4910a3e3e0001f1018e,2.25
no-chat,random,66e916a67081975f3b28341b,3.625
no-chat,high,58879cd0cc11d100013541bf,2.0
no-chat,low,672aa37c77f534a8fd5882f6,4.0
no-chat,low,5928df79366dc80001d0b788,3.25
no-chat,high,66231fc6e1ecba676935943a,3.875
no-chat,random,66b7e32bfe51ffa070f6b358,3.125
no-chat,high,61647de75314468d5cb57f93,4.5
no-chat,high,59ea4e1116ecc200016ff81e,5.0
no-chat,random,59b693ff6039190001eaa934,5.25
no-chat,low,67808d57e14f45bd0761a355,4.125
no-chat,low,642b2d8a7b84306d49e2f4b0,2.625
no-chat,random,5d5181fc842e8600171e5a78,4.125
no-chat,low,663f034fe45b308e3a7b27b6,4.125
no-chat,high,5e7acbd0373d5e0c087a112c,2.5
no-chat,random,661b393a509a826460971b72,5.375
no-chat,high,5f2eebd9d21e322a9ed68f09,2.5
no-chat,high,65f08b5479f172bd6781d1d8,2.375
no-chat,random,5e916cb9e502b1498e8fc059,5.375
no-chat,low,669d6d17eeff48e26e8de5d1,3.0
no-chat,low,665cd37d244c81a07e68f20f,4.125
no-chat,low,66313e95673312ffd7d6a61a,3.625
no-chat,low,66e99d20cc408a0176e37b3a,1.75
no-chat,random,663d5db8b8ea1d7c4d208818,1.5
no-chat,low,66afed5eb6e4bbada1bf6752,3.875
no-chat,high,6778b3f638b4849c76688356,3.75
no-chat,low,62c2fc300f0c38bf87d22d40,3.625
no-chat,low,5cc8039e3ef93000171c96b8,3.5
no-chat,random,678571c04a6338feffeaa69c,3.875
no-chat,high,63e576170eb086a90644efb4,1.375
no-chat,random,654939d4e23dcdbb14d95661,3.125
no-chat,low,67abe4851c6d8443b84cefb9,6.75
no-chat,high,67a920b4db9346ab1d11ddeb,4.375
no-chat,high,5e914ee346d11b48197172c2,3.0
no-chat,high,5c395df5f5ebd50001850900,5.0
no-chat,low,6711ef1c3df4701d4aacc909,3.5
no-chat,random,672feaa71ba8b290765e0c7a,3.5
no-chat,random,663cfa07795619019d825ae6,1.625
no-chat,random,65d594b4198b2fcc568946bd,4.375
no-chat,low,62dc24fa35bc6caa02048e3e,3.25
no-chat,low,66eb05aa9fe93bc39312f2cb,2.375
no-chat,random,66537b0010ca11939058e52b,4.625
no-chat,low,67142cd1ad4f5e32d6c73620,2.625
no-chat,random,67ad09020cbc78980883b40f,3.125
no-chat,high,5d6ef023cfe0a400198f911e,2.75
no-chat,high,63e5a9ac42659ba7af9e1d10,4.375
no-chat,high,631b0988a96b930d4bbf0e64,3.375
no-chat,random,67ab596936b58c119548d589,6.0
no-chat,random,5d4c57f398b7a800018eb77a,2.375
no-chat,low,6755f22325fdddb95444d0ce,4.375
no-chat,low,5e0e14d3ecb3ea56d7be5995,2.375
no-chat,high,60f30a747b80c5af8f01df4f,2.875
no-chat,low,660c9ac127c7212356b11892,3.125
no-chat,high,6669a122ab60c120f94b3aa5,4.0
no-chat,high,6337b9604370dd57643b81a0,4.625
no-chat,high,670218c2b67aa153fd9164fb,7.0
no-chat,high,6547bf8012d4702680d55663,3.0
no-chat,random,67a4d8478e10d81562b0b5a0,5.5
no-chat,random,67ac0a2102a324df45ed2290,2.25
no-chat,low,65aea778b89350ece997a1d7,5.0
no-chat,low,59fd4a71f5b5a3000139379c,4.0
no-chat,high,629518483741b8bf26238861,5.25
no-chat,low,67775f92d4b56598665d8b89,2.0
no-chat,random,6685dba14d53fe6101047e9b,4.0
no-chat,low,66afb09765f525abb800e628,2.875
no-chat,high,661ae93e33b51f5d31a8c3bb,3.875
no-chat,low,66b50357f28ed24fa377665b,7.0
no-chat,low,671c6388e7f3a0500d64bf30,4.0
no-chat,low,65ad8cbe536f6156d448ee15,3.375
no-chat,high,5edf975930f30b270a6d90c7,4.875
no-chat,random,60fe22beeb612ead4d261590,2.125
no-chat,random,6690c433c8bedd2996d7f973,3.375
no-chat,high,5f244e0d0d7f44018faa3938,3.0
no-chat,high,6743028dba3a6dfeeeb534ea,4.25
no-chat,high,6746f20b04a94683c21e16fd,4.75
no-chat,low,63176b3d19c878b72da825bf,4.125
no-chat,high,678e9e2ffd972545982440e9,3.25
no-chat,random,6287a8c4a6303ff156cd0853,2.375
no-chat,high,66fc766194476571817985fb,3.75
no-chat,high,5e35e01b5bfa43595d69621d,3.125
no-chat,low,6376b9ede4f5ca90df04d617,4.625
no-chat,low,614ece6fdaa50e12e6f3f98f,2.5
no-chat,high,6789684706f53a6cd579c39d,6.0
no-chat,random,66abc1c82e0fab4f407454a8,5.125
no-chat,random,5c6f00110b99a000018cc3c1,1.125
no-chat,random,67ab7f3cdb33d558760d799c,5.0
no-chat,random,67accaf5ece612d8f19b39ac,5.875
no-chat,high,5eb3935fd0e02317909c5f32,4.0
no-chat,high,65296a5e6b3da09843f655ba,2.0
no-chat,high,67632087324c64ed501ce697,4.75
no-chat,low,672c4e78eeaae1dfe925f5e2,3.625
no-chat,high,6683b31d16dd162d502a8b00,3.625
no-chat,high,678b84af19e334ec7d6caaa4,5.625
no-chat,random,66116b402e87c03e47d1d74c,4.375
no-chat,random,66db9db4324609f1a7231f49,5.0
no-chat,random,60dde3c32d443979e545ce9d,4.5
no-chat,high,5d11e762cc2d290016bc2364,3.125
no-chat,low,61036c39549abd4fa911d139,4.125
no-chat,high,666b68ba62cb93ed734157c1,1.0
no-chat,high,636148a83d7a7c349bb08436,5.375
no-chat,random,66d35b03bcb3091502ad7249,2.625
no-chat,low,65fb580ab7fbb2d518ee8eaa,1.5
no-chat,high,67aa9ffdefe7fbc9f9c16ada,5.75
no-chat,high,6514a8e7e21c6ff0317fe0b5,5.375
no-chat,random,601b492280b3ce4fa542774f,2.0
no-chat,low,5f2047f472c1fd2eaf643c64,4.375
no-chat,low,601fc50f4b7f33504a02cd52,4.125
no-chat,random,676779b173d3cbf6add72afa,2.25
no-chat,random,5d61547443c13200193ccb12,2.5
no-chat,low,5c4e3977c0783c00016936f9,4.0
no-chat,random,5b662ae58e22f000010e724f,3.875
no-chat,low,661fc9c5dd7df462499ebec8,2.625
no-chat,low,674fca84082aa5de022eeedd,3.625
no-chat,low,62a15df1dd6fa394ea04f063,2.75
no-chat,low,651d9ea96f3253abbfd8d38b,4.125
no-chat,high,5d6513f46f5284000118ef1d,3.0
no-chat,low,6731876be8c419cf04d952b7,5.75
no-chat,random,6562177a48308eebbb6359ea,2.125
no-chat,high,66f188fa364a3d1b7b016146,3.75
no-chat,high,5c1c74700036a80001193c24,3.875
no-chat,high,66744822576b11d40628191b,4.625
no-chat,high,6644cd2538b07b2b6aaa4376,4.0
no-chat,high,67ad56ebda8ab6b3b3decc7f,4.875
no-chat,high,673b72095f4a27d106f94423,4.75
no-chat,low,666f2488909bc0331b8563e6,3.0
no-chat,low,67903056248612a5ca0e9195,1.875
no-chat,random,63d7e922e50b2de04efa703a,5.0
no-chat,high,67697d085028c866377525a4,5.375
no-chat,high,675a1c9c5cac55bc951ff999,3.5
no-chat,high,6101e7f68ba54befff1550d1,3.5
no-chat,random,67a97a33748241eb61445b41,4.125
no-chat,low,60da4f9aa1ced7efeecca18a,2.125
no-chat,high,67857b540449990fd75059db,4.875
no-chat,random,636da58a0d76bbb9167dbf3e,5.0
no-chat,random,66a337531d9c242e4a71267a,4.875
